Timestamp,Rank,Epoch,Time_Seconds,Loss,Train_Acc,Balanced_Mode,Batch_Size,GPU_Score
2026-01-04 19:25:59,2,0,15.9326,3.2758,0.1592,OFF,1000,0
2026-01-04 19:26:14,2,1,15.173,2.4247,0.4179,OFF,1000,0
2026-01-04 19:26:29,2,2,15.5835,2.0507,0.474,OFF,1000,0
2026-01-04 19:26:45,2,3,15.2996,1.8815,0.51,OFF,1000,0
2026-01-04 19:27:01,2,4,16.1921,1.7572,0.5395,OFF,1000,0
2026-01-04 19:27:18,2,5,16.5883,1.6562,0.559,OFF,1000,0
2026-01-04 19:27:34,2,6,16.3199,1.6011,0.5688,OFF,1000,0
2026-01-04 19:27:53,2,7,18.9629,1.551,0.5773,OFF,1000,0
2026-01-04 19:28:09,2,8,16.2434,1.5258,0.5808,OFF,1000,0
2026-01-04 19:28:25,2,9,16.2729,1.4976,0.5854,OFF,1000,0
2026-01-04 19:31:49,2,0,13.9741,3.2123,0.2717,AUTO,1242,198.75
2026-01-04 19:32:03,2,1,13.8806,2.5771,0.3964,AUTO,1242,198.75
2026-01-04 19:32:16,2,2,13.8067,2.3606,0.4195,AUTO,1242,198.75
2026-01-04 19:32:30,2,3,13.3175,2.2008,0.4349,AUTO,1242,198.75
2026-01-04 19:32:42,2,4,12.2609,2.1007,0.4534,AUTO,1242,198.75
2026-01-04 19:32:57,2,5,15.0989,1.9879,0.4683,AUTO,1242,198.75
2026-01-04 19:33:10,2,6,13.0354,1.9289,0.4828,AUTO,1242,198.75
2026-01-04 19:33:23,2,7,13.2049,1.8537,0.4964,AUTO,1242,198.75
2026-01-04 19:33:36,2,8,12.3829,1.8191,0.5091,AUTO,1242,198.75
2026-01-04 19:33:48,2,9,12.866,1.7711,0.5172,AUTO,1242,198.75
